airline,date_of_journey,source,destination,dep_time,arrival_time,duration,total_stops,additional_info,price
Air India,2019-03-06,Delhi,Cochin,16:40:00,19:15:00,1595,2.0,No Info,12646
Multiple Carriers,2019-03-03,Delhi,Cochin,07:10:00,22:20:00,910,1.0,In-flight meal not included,11125
Jet Airways,2019-05-15,Kolkata,Banglore,21:10:00,09:20:00,730,1.0,In-flight meal not included,9663
Jet Airways,2019-06-06,Delhi,Cochin,09:40:00,04:25:00,1125,2.0,In-flight meal not included,10368
Jet Airways,2019-05-06,Kolkata,Banglore,16:30:00,20:45:00,1695,1.0,In-flight meal not included,9663
Jet Airways,2019-05-21,Kolkata,Banglore,18:55:00,04:40:00,585,1.0,In-flight meal not included,9663
Jet Airways,2019-03-15,Banglore,New Delhi,09:45:00,15:55:00,370,1.0,In-flight meal not included,7280
Jet Airways,2019-05-06,Kolkata,Banglore,20:25:00,09:45:00,800,1.0,In-flight meal not included,8066
Multiple Carriers,2019-03-06,Delhi,Cochin,09:55:00,19:15:00,560,1.0,In-flight meal not included,15342
Jet Airways,2019-05-09,Delhi,Cochin,11:30:00,19:00:00,450,1.0,No Info,15554
Air India,2019-05-03,Mumbai,Hyderabad,15:00:00,16:25:00,85,0.0,No Info,3100
Air Asia,2019-05-12,Kolkata,Banglore,19:55:00,22:25:00,150,0.0,No Info,5530
Jet Airways,2019-05-09,Kolkata,Banglore,20:25:00,23:35:00,1630,1.0,No Info,13067
Air India,2019-05-21,Kolkata,Banglore,09:25:00,05:35:00,1210,2.0,No Info,11432
Indigo,2019-06-18,Delhi,Cochin,14:20:00,17:35:00,195,0.0,No Info,5000
Vistara,2019-04-01,Banglore,Delhi,07:00:00,09:40:00,160,0.0,No Info,5403
Spicejet,2019-04-01,Mumbai,Hyderabad,13:15:00,14:45:00,90,0.0,No check-in baggage included,1965
Goair,2019-06-27,Delhi,Cochin,10:35:00,19:35:00,540,1.0,No Info,3948
Indigo,2019-04-27,Delhi,Cochin,05:05:00,12:10:00,425,1.0,No Info,7160
Air India,2019-05-06,Banglore,Delhi,13:20:00,16:10:00,170,0.0,No Info,5228
Multiple Carriers,2019-06-09,Delhi,Cochin,07:10:00,16:10:00,540,1.0,No Info,6513
Jet Airways,2019-04-27,Banglore,Delhi,07:10:00,10:10:00,180,0.0,No Info,7229
Jet Airways,2019-05-01,Kolkata,Banglore,14:05:00,04:40:00,875,1.0,In-flight meal not included,8586
Air India,2019-04-09,Delhi,Cochin,14:05:00,17:55:00,230,0.0,No Info,6724
Jet Airways,2019-06-24,Delhi,Cochin,20:55:00,04:25:00,450,1.0,In-flight meal not included,10262
Jet Airways,2019-03-09,Delhi,Cochin,05:40:00,04:25:00,1365,2.0,No Info,14861
Jet Airways,2019-03-06,Mumbai,Hyderabad,17:00:00,16:50:00,1430,1.0,No Info,19595
Jet Airways,2019-03-18,Banglore,New Delhi,22:50:00,10:25:00,695,1.0,In-flight meal not included,11087
Spicejet,2019-03-18,Kolkata,Banglore,06:55:00,09:35:00,160,0.0,No check-in baggage included,4413
Jet Airways,2019-03-24,Kolkata,Banglore,21:10:00,04:45:00,455,1.0,No Info,13759
Jet Airways,2019-03-03,Delhi,Cochin,09:00:00,18:50:00,590,1.0,No Info,17024
Jet Airways,2019-06-06,Kolkata,Banglore,21:10:00,09:20:00,730,1.0,In-flight meal not included,10844
Indigo,2019-06-06,Delhi,Cochin,07:15:00,12:30:00,315,1.0,No Info,6582
Air India,2019-05-21,Delhi,Cochin,05:10:00,08:00:00,170,0.0,No Info,6094
Jet Airways,2019-03-06,Banglore,New Delhi,21:25:00,21:20:00,1435,1.0,No Info,17471
Indigo,2019-06-06,Kolkata,Banglore,15:15:00,17:45:00,150,0.0,No Info,4804
Air India,2019-06-09,Banglore,Delhi,21:05:00,23:55:00,170,0.0,No Info,5228
Air India,2019-05-18,Delhi,Cochin,05:00:00,07:40:00,1600,2.0,No Info,11228
Jet Airways,2019-06-03,Delhi,Cochin,17:30:00,19:00:00,1530,1.0,No Info,14714
Jet Airways,2019-05-06,Banglore,Delhi,06:00:00,08:45:00,165,0.0,No Info,7229
Jet Airways,2019-05-01,Kolkata,Banglore,14:05:00,08:15:00,1090,1.0,In-flight meal not included,8586
Indigo,2019-05-27,Delhi,Cochin,08:35:00,22:30:00,835,1.0,No Info,6442
Vistara,2019-05-21,Kolkata,Banglore,07:10:00,22:40:00,930,1.0,No Info,8452
Jet Airways,2019-05-27,Delhi,Cochin,09:40:00,12:35:00,1615,2.0,In-flight meal not included,13029
Jet Airways,2019-06-12,Kolkata,Banglore,17:00:00,23:35:00,395,1.0,No Info,12692
Jet Airways,2019-06-09,Delhi,Cochin,20:55:00,19:00:00,1325,1.0,In-flight meal not included,10577
Jet Airways,2019-05-21,Kolkata,Banglore,06:30:00,09:20:00,1610,1.0,In-flight meal not included,9663
Jet Airways,2019-05-01,Mumbai,Hyderabad,19:35:00,21:05:00,90,0.0,No Info,5678
Air India,2019-06-06,Kolkata,Banglore,16:45:00,21:05:00,1700,1.0,No Info,7662
Multiple Carriers,2019-05-27,Delhi,Cochin,03:50:00,12:35:00,525,1.0,No Info,10197
Multiple Carriers,2019-06-15,Delhi,Cochin,04:55:00,12:35:00,460,1.0,No Info,10678
Indigo,2019-06-15,Banglore,Delhi,23:30:00,02:20:00,170,0.0,No Info,4077
Indigo,2019-04-09,Delhi,Cochin,06:40:00,21:00:00,860,1.0,No Info,6093
Jet Airways,2019-05-15,Kolkata,Banglore,06:30:00,20:45:00,855,1.0,No Info,14781
Jet Airways,2019-06-06,Delhi,Cochin,17:30:00,04:25:00,655,1.0,In-flight meal not included,10262
Indigo,2019-06-12,Kolkata,Banglore,19:20:00,23:45:00,265,1.0,No Info,3574
Goair,2019-03-24,Banglore,New Delhi,07:45:00,10:40:00,175,0.0,No Info,3898
Multiple Carriers,2019-06-15,Delhi,Cochin,13:00:00,19:15:00,375,1.0,No Info,16108
Jet Airways,2019-05-18,Banglore,Delhi,08:20:00,11:20:00,180,0.0,In-flight meal not included,6144
Jet Airways,2019-05-12,Kolkata,Banglore,17:00:00,14:25:00,1285,1.0,No Info,13067
Jet Airways,2019-05-27,Delhi,Cochin,14:00:00,12:35:00,1355,1.0,In-flight meal not included,12898
Goair,2019-04-15,Delhi,Cochin,07:00:00,12:55:00,355,1.0,No Info,6195
Air India,2019-03-01,Banglore,New Delhi,10:30:00,22:55:00,745,1.0,No Info,11003
Indigo,2019-03-06,Delhi,Cochin,04:45:00,13:20:00,515,1.0,No Info,13611
Jet Airways,2019-05-01,Kolkata,Banglore,10:20:00,17:35:00,435,1.0,No Info,8355
Jet Airways,2019-05-01,Kolkata,Banglore,20:25:00,19:10:00,1365,1.0,No Info,11467
Jet Airways,2019-05-01,Mumbai,Hyderabad,02:55:00,04:20:00,85,0.0,In-flight meal not included,3210
Vistara,2019-03-24,Banglore,New Delhi,16:00:00,18:35:00,155,0.0,No Info,11913
Multiple Carriers,2019-03-27,Delhi,Cochin,06:00:00,15:30:00,570,1.0,No Info,7845
Jet Airways,2019-06-12,Delhi,Cochin,05:30:00,04:25:00,1375,2.0,No Info,13292
Goair,2019-05-21,Delhi,Cochin,07:25:00,13:20:00,355,1.0,No Info,5842
Jet Airways,2019-06-01,Delhi,Cochin,17:30:00,19:00:00,1530,1.0,In-flight meal not included,10262
Indigo,2019-03-21,Delhi,Cochin,07:35:00,16:10:00,515,1.0,No Info,6558
Jet Airways,2019-04-15,Delhi,Cochin,11:00:00,14:15:00,195,0.0,In-flight meal not included,5443
Air India,2019-04-01,Kolkata,Banglore,12:00:00,11:10:00,1390,2.0,No Info,9258
Spicejet,2019-05-21,Banglore,Delhi,09:30:00,12:20:00,170,0.0,No check-in baggage included,3573
Indigo,2019-06-27,Delhi,Cochin,07:35:00,12:10:00,275,1.0,No Info,5054
Jet Airways,2019-06-24,Delhi,Cochin,19:15:00,04:25:00,550,1.0,In-flight meal not included,10262
Indigo,2019-03-01,Banglore,New Delhi,13:00:00,15:50:00,170,0.0,No Info,19685
Air India,2019-03-24,Kolkata,Banglore,09:10:00,13:40:00,270,1.0,No Info,8026
Jet Airways,2019-04-01,Kolkata,Banglore,16:30:00,23:35:00,425,1.0,No Info,12681
Jet Airways,2019-03-18,Mumbai,Hyderabad,15:50:00,17:20:00,90,0.0,In-flight meal not included,2228
Multiple Carriers,2019-03-27,Delhi,Cochin,09:45:00,22:20:00,755,1.0,No Info,6601
Jet Airways,2019-03-09,Delhi,Cochin,15:05:00,18:50:00,1665,1.0,No Info,16289
Air India,2019-03-27,Delhi,Cochin,06:05:00,09:25:00,1640,1.0,No Info,5117
Jet Airways,2019-06-03,Delhi,Cochin,05:30:00,19:00:00,810,2.0,In-flight meal not included,10368
Indigo,2019-03-06,Delhi,Cochin,08:35:00,22:20:00,825,1.0,No Info,7514
Air Asia,2019-04-12,Banglore,Delhi,11:10:00,13:55:00,165,0.0,No Info,4483
Jet Airways,2019-06-15,Delhi,Cochin,09:25:00,12:35:00,1630,2.0,No Info,13882
Jet Airways,2019-03-12,Banglore,New Delhi,22:55:00,11:25:00,750,1.0,In-flight meal not included,11087
Indigo,2019-05-03,Mumbai,Hyderabad,09:10:00,10:40:00,90,0.0,No Info,5755
Jet Airways,2019-04-01,Kolkata,Banglore,08:25:00,09:20:00,1495,1.0,In-flight meal not included,7064
Indigo,2019-05-27,Delhi,Cochin,10:35:00,01:30:00,895,1.0,No Info,6104
Multiple Carriers,2019-06-27,Delhi,Cochin,10:00:00,19:15:00,555,1.0,No Info,14848
Air Asia,2019-05-06,Banglore,Delhi,23:55:00,02:45:00,170,0.0,No Info,3383
Multiple Carriers,2019-06-06,Delhi,Cochin,10:20:00,19:15:00,535,1.0,No Info,8266
Spicejet,2019-06-06,Mumbai,Hyderabad,22:45:00,00:15:00,90,0.0,No Info,2017
Jet Airways,2019-03-09,Mumbai,Hyderabad,19:40:00,21:10:00,90,0.0,No Info,5678
Spicejet,2019-03-24,Banglore,New Delhi,09:35:00,12:30:00,175,0.0,No check-in baggage included,4273
Jet Airways,2019-04-12,Banglore,Delhi,07:10:00,10:10:00,180,0.0,No Info,7229
Multiple Carriers,2019-06-01,Delhi,Cochin,10:00:00,19:15:00,555,1.0,No Info,16108
Jet Airways,2019-05-15,Mumbai,Hyderabad,02:55:00,04:20:00,85,0.0,No Info,5678
Jet Airways,2019-06-03,Delhi,Cochin,09:40:00,12:35:00,1615,2.0,In-flight meal not included,10368
Indigo,2019-05-18,Delhi,Cochin,07:35:00,16:10:00,515,1.0,No Info,6442
Air Asia,2019-06-12,Kolkata,Banglore,19:55:00,22:25:00,150,0.0,No Info,3807
Air India,2019-03-27,Delhi,Cochin,20:30:00,23:00:00,1590,1.0,No Info,5022
Jet Airways,2019-06-12,Delhi,Cochin,11:00:00,14:15:00,195,0.0,No Info,9564
Indigo,2019-05-18,Banglore,Delhi,22:10:00,01:00:00,170,0.0,No Info,3943
Air Asia,2019-05-18,Kolkata,Banglore,10:20:00,12:55:00,155,0.0,No Info,5645
Jet Airways,2019-05-09,Delhi,Cochin,14:00:00,12:35:00,1355,1.0,In-flight meal not included,12373
Multiple Carriers,2019-05-18,Delhi,Cochin,10:20:00,21:00:00,640,1.0,No Info,7670
Spicejet,2019-04-27,Kolkata,Banglore,09:00:00,11:25:00,145,0.0,No Info,4174
Jet Airways,2019-03-18,Mumbai,Hyderabad,02:55:00,04:25:00,90,0.0,No Info,5678
Jet Airways,2019-05-15,Kolkata,Banglore,06:30:00,19:50:00,800,1.0,No Info,14781
Jet Airways,2019-03-15,Banglore,New Delhi,05:45:00,13:15:00,450,1.0,In-flight meal not included,9134
Spicejet,2019-04-12,Banglore,Delhi,05:55:00,08:35:00,160,0.0,No check-in baggage included,4319
Spicejet,2019-05-21,Mumbai,Hyderabad,05:45:00,07:15:00,90,0.0,No check-in baggage included,1965
Vistara,2019-03-09,Chennai,Kolkata,07:05:00,09:20:00,135,0.0,No Info,6627
Goair,2019-04-01,Delhi,Cochin,07:25:00,13:35:00,370,1.0,No Info,4563
Jet Airways,2019-03-09,Banglore,New Delhi,07:00:00,20:20:00,800,1.0,In-flight meal not included,11087
Indigo,2019-05-18,Delhi,Cochin,16:10:00,22:30:00,380,1.0,No Info,7640
Air India,2019-05-27,Delhi,Cochin,17:40:00,23:00:00,320,1.0,No Info,7174
Jet Airways,2019-06-09,Delhi,Cochin,05:30:00,04:25:00,1375,2.0,In-flight meal not included,10368
Spicejet,2019-04-27,Delhi,Cochin,06:05:00,11:20:00,315,1.0,No Info,5899
Air India,2019-03-06,Delhi,Cochin,20:30:00,23:00:00,1590,1.0,No Info,8854
Spicejet,2019-05-27,Kolkata,Banglore,06:55:00,09:30:00,155,0.0,No check-in baggage included,3841
Spicejet,2019-04-24,Kolkata,Banglore,06:55:00,09:30:00,155,0.0,No check-in baggage included,3841
Jet Airways,2019-05-27,Banglore,Delhi,17:45:00,20:45:00,180,0.0,No Info,7229
Jet Airways,2019-06-21,Banglore,Delhi,18:55:00,22:00:00,185,0.0,No Info,8541
Vistara,2019-05-01,Banglore,Delhi,21:00:00,23:50:00,170,0.0,No Info,4668
Goair,2019-04-03,Banglore,Delhi,07:45:00,10:40:00,175,0.0,No Info,4239
Spicejet,2019-06-21,Mumbai,Hyderabad,05:45:00,07:15:00,90,0.0,No Info,2753
Jet Airways,2019-06-27,Delhi,Cochin,10:00:00,19:00:00,540,1.0,In-flight meal not included,10262
Indigo,2019-06-03,Delhi,Cochin,16:00:00,01:30:00,570,1.0,No Info,6628
Jet Airways,2019-05-18,Delhi,Cochin,15:00:00,04:25:00,805,1.0,In-flight meal not included,12373
Indigo,2019-05-21,Delhi,Cochin,09:15:00,21:00:00,705,1.0,No Info,7318
Multiple Carriers,2019-05-27,Delhi,Cochin,07:05:00,21:00:00,835,1.0,In-flight meal not included,10406
Jet Airways,2019-04-01,Kolkata,Banglore,10:20:00,17:35:00,435,1.0,In-flight meal not included,6077
Jet Airways,2019-03-21,Delhi,Cochin,08:00:00,18:50:00,650,1.0,No Info,12767
Air India,2019-05-06,Kolkata,Banglore,16:45:00,08:55:00,970,2.0,No Info,13227
Jet Airways,2019-05-24,Kolkata,Banglore,08:25:00,16:20:00,475,1.0,No Info,14571
Jet Airways,2019-05-18,Delhi,Cochin,23:05:00,12:35:00,810,2.0,No Info,15129
Jet Airways,2019-06-06,Kolkata,Banglore,20:25:00,09:45:00,800,1.0,In-flight meal not included,10539
Vistara,2019-05-09,Kolkata,Banglore,17:00:00,09:05:00,965,1.0,No Info,9187
Air Asia,2019-06-09,Delhi,Cochin,20:45:00,07:10:00,625,1.0,No Info,10794
Air India,2019-05-24,Kolkata,Banglore,12:00:00,21:50:00,590,2.0,No Info,9941
Spicejet,2019-04-18,Banglore,Delhi,21:10:00,00:05:00,175,0.0,No check-in baggage included,5515
Jet Airways,2019-05-15,Kolkata,Banglore,18:55:00,04:40:00,585,1.0,In-flight meal not included,9663
Indigo,2019-04-15,Banglore,Delhi,08:30:00,11:20:00,170,0.0,No Info,4823
Jet Airways,2019-06-09,Kolkata,Banglore,06:30:00,18:15:00,705,1.0,In-flight meal not included,10844
Spicejet,2019-06-21,Kolkata,Banglore,06:55:00,09:30:00,155,0.0,No check-in baggage included,3841
Spicejet,2019-05-06,Kolkata,Banglore,09:00:00,11:25:00,145,0.0,No check-in baggage included,3841
Jet Airways,2019-06-09,Banglore,Delhi,08:20:00,11:20:00,180,0.0,No Info,8016
Indigo,2019-04-21,Kolkata,Banglore,04:40:00,07:15:00,155,0.0,No Info,4804
Jet Airways,2019-04-09,Banglore,Delhi,19:50:00,22:50:00,180,0.0,In-flight meal not included,4544
Vistara,2019-04-09,Banglore,Delhi,07:00:00,09:40:00,160,0.0,No Info,5403
Jet Airways,2019-06-01,Delhi,Cochin,08:00:00,04:25:00,1225,1.0,In-flight meal not included,10262
Air India,2019-04-01,Kolkata,Banglore,09:50:00,21:05:00,675,1.0,No Info,8030
Multiple Carriers,2019-05-27,Delhi,Cochin,09:00:00,19:15:00,615,1.0,In-flight meal not included,10197
Jet Airways,2019-06-03,Delhi,Cochin,17:30:00,19:00:00,1530,1.0,In-flight meal not included,10262
Indigo,2019-03-06,Chennai,Kolkata,07:55:00,10:15:00,140,0.0,No Info,7295
Air Asia,2019-05-24,Kolkata,Banglore,07:35:00,19:25:00,710,1.0,No Info,5192
Jet Airways,2019-03-18,Mumbai,Hyderabad,10:20:00,11:50:00,90,0.0,No Info,8040
Multiple Carriers,2019-03-03,Delhi,Cochin,13:00:00,21:00:00,480,1.0,No Info,18286
Indigo,2019-06-21,Kolkata,Banglore,15:15:00,17:45:00,150,0.0,No Info,4804
Air India,2019-05-01,Kolkata,Banglore,05:50:00,13:15:00,445,2.0,No Info,7662
Jet Airways,2019-06-15,Delhi,Cochin,11:30:00,19:00:00,450,1.0,No Info,14714
Air Asia,2019-04-27,Banglore,Delhi,04:55:00,07:45:00,170,0.0,No Info,4282
Multiple Carriers,2019-03-03,Delhi,Cochin,02:15:00,15:30:00,795,1.0,No Info,17057
Spicejet,2019-05-27,Delhi,Cochin,08:45:00,13:15:00,270,1.0,No check-in baggage included,5158
Goair,2019-03-15,Banglore,New Delhi,07:45:00,10:40:00,175,0.0,No Info,5706
Jet Airways,2019-06-12,Banglore,Delhi,08:20:00,11:20:00,180,0.0,In-flight meal not included,5769
Jet Airways,2019-03-01,Banglore,New Delhi,07:00:00,12:25:00,325,1.0,No Info,26890
Indigo,2019-06-09,Delhi,Cochin,21:05:00,00:20:00,195,0.0,No Info,6015
Jet Airways,2019-03-12,Banglore,New Delhi,22:55:00,07:40:00,525,1.0,In-flight meal not included,11087
Indigo,2019-06-27,Kolkata,Banglore,09:35:00,12:10:00,155,0.0,No Info,4804
Indigo,2019-03-09,Chennai,Kolkata,17:05:00,19:40:00,155,0.0,No Info,6297
Multiple Carriers,2019-06-09,Delhi,Cochin,07:05:00,22:30:00,925,1.0,No Info,9646
Jet Airways,2019-05-12,Kolkata,Banglore,21:10:00,12:00:00,890,1.0,In-flight meal not included,9663
Indigo,2019-05-15,Mumbai,Hyderabad,06:25:00,07:55:00,90,0.0,No Info,4049
Jet Airways,2019-06-09,Mumbai,Hyderabad,07:05:00,08:30:00,85,0.0,No Info,5678
Air India,2019-05-06,Banglore,Delhi,17:00:00,19:45:00,165,0.0,No Info,5228
Air India,2019-05-24,Kolkata,Banglore,09:50:00,23:15:00,805,2.0,No Info,15170
Multiple Carriers,2019-03-06,Delhi,Cochin,07:05:00,15:30:00,505,1.0,No Info,17267
Vistara,2019-06-06,Kolkata,Banglore,17:00:00,23:25:00,385,1.0,No Info,8610
Air Asia,2019-05-21,Banglore,Delhi,23:55:00,02:45:00,170,0.0,No Info,3383
Jet Airways,2019-03-27,Delhi,Cochin,05:25:00,04:25:00,1380,2.0,No Info,11664
Air India,2019-05-06,Kolkata,Banglore,10:00:00,10:00:00,1440,2.0,No Info,14298
Indigo,2019-03-01,Banglore,New Delhi,08:30:00,11:30:00,180,0.0,No Info,10067
Jet Airways,2019-06-03,Mumbai,Hyderabad,19:35:00,21:05:00,90,0.0,In-flight meal not included,3210
Jet Airways,2019-05-12,Kolkata,Banglore,18:55:00,10:05:00,910,1.0,No Info,14388
Jet Airways,2019-05-18,Kolkata,Banglore,18:55:00,09:20:00,865,1.0,No Info,14388
Indigo,2019-04-24,Banglore,Delhi,22:10:00,01:00:00,170,0.0,No Info,3625
Indigo,2019-03-09,Banglore,New Delhi,05:30:00,08:20:00,170,0.0,No Info,4777
Jet Airways,2019-03-21,Delhi,Cochin,22:00:00,18:50:00,1250,1.0,No Info,12242
Spicejet,2019-04-01,Kolkata,Banglore,06:55:00,09:30:00,155,0.0,No Info,3873
Air India,2019-05-24,Delhi,Cochin,07:00:00,19:15:00,735,1.0,No Info,9929
Jet Airways,2019-06-12,Kolkata,Banglore,16:30:00,22:35:00,365,1.0,In-flight meal not included,9899
Vistara,2019-06-06,Kolkata,Banglore,07:10:00,10:45:00,1655,1.0,No Info,9187
Spicejet,2019-06-21,Banglore,Delhi,09:30:00,12:20:00,170,0.0,No Info,3625
Multiple Carriers,2019-03-03,Delhi,Cochin,09:45:00,16:10:00,385,1.0,No Info,11265
Jet Airways,2019-06-12,Delhi,Cochin,16:00:00,12:35:00,1235,1.0,In-flight meal not included,10262
Multiple Carriers,2019-06-24,Delhi,Cochin,17:45:00,01:30:00,465,1.0,In-flight meal not included,5797
Jet Airways,2019-06-12,Kolkata,Banglore,14:05:00,23:35:00,570,1.0,In-flight meal not included,9899
Multiple Carriers,2019-06-06,Delhi,Cochin,06:00:00,19:00:00,780,1.0,No Info,11789
Goair,2019-05-15,Delhi,Cochin,07:00:00,12:55:00,355,1.0,No Info,7682
Multiple Carriers,2019-03-27,Delhi,Cochin,12:50:00,21:00:00,490,1.0,No Info,6637
Spicejet,2019-03-18,Kolkata,Banglore,22:20:00,00:40:00,140,0.0,No Info,3847
Jet Airways,2019-03-03,Delhi,Cochin,05:25:00,18:50:00,2245,2.0,No Info,20064
Jet Airways,2019-03-21,Delhi,Cochin,19:45:00,04:25:00,520,1.0,No Info,12557
Spicejet,2019-04-21,Delhi,Cochin,15:45:00,22:05:00,380,1.0,No Info,6749
Air India,2019-06-18,Banglore,Delhi,05:45:00,08:45:00,180,0.0,No Info,6961
Spicejet,2019-03-24,Banglore,New Delhi,20:30:00,23:20:00,170,0.0,No check-in baggage included,5469
Goair,2019-03-21,Delhi,Cochin,07:00:00,12:50:00,350,1.0,No Info,9385
Multiple Carriers,2019-06-01,Delhi,Cochin,09:15:00,19:15:00,600,1.0,No Info,9779
Multiple Carriers,2019-06-03,Delhi,Cochin,08:30:00,19:00:00,630,1.0,No Info,11200
Jet Airways,2019-06-01,Delhi,Cochin,02:15:00,04:25:00,1570,1.0,In-flight meal not included,10262
Jet Airways,2019-05-21,Kolkata,Banglore,08:25:00,20:45:00,740,1.0,No Info,14781
Spicejet,2019-03-15,Kolkata,Banglore,09:00:00,11:30:00,150,0.0,No check-in baggage included,3815
Jet Airways,2019-05-12,Kolkata,Banglore,06:30:00,16:20:00,590,1.0,In-flight meal not included,10844
Indigo,2019-04-27,Banglore,Delhi,06:05:00,08:50:00,165,0.0,No Info,4423
Air India,2019-03-27,Mumbai,Hyderabad,19:30:00,20:45:00,75,0.0,No Info,2575
Jet Airways,2019-03-06,Banglore,New Delhi,11:40:00,11:25:00,1425,1.0,No Info,17261
Multiple Carriers,2019-05-18,Delhi,Cochin,10:20:00,19:00:00,520,1.0,No Info,9794
Multiple Carriers,2019-06-27,Delhi,Cochin,07:05:00,16:10:00,545,1.0,No Info,9646
Air India,2019-03-03,Delhi,Cochin,19:45:00,19:15:00,1410,2.0,No Info,12646
Indigo,2019-06-24,Delhi,Cochin,05:10:00,10:05:00,295,1.0,No Info,6496
Indigo,2019-03-06,Chennai,Kolkata,11:35:00,14:00:00,145,0.0,No Info,7295
Air India,2019-03-01,Banglore,New Delhi,10:30:00,11:20:00,1490,1.0,No Info,11528
Air India,2019-04-01,Kolkata,Banglore,05:50:00,23:15:00,1045,2.0,No Info,11516
Jet Airways,2019-03-06,Banglore,New Delhi,16:55:00,09:30:00,995,1.0,No Info,17261
Jet Airways,2019-05-12,Kolkata,Banglore,06:30:00,04:40:00,1330,1.0,In-flight meal not included,8586
Air India,2019-06-15,Delhi,Cochin,09:45:00,23:00:00,795,1.0,No Info,8907
Spicejet,2019-03-21,Chennai,Kolkata,09:30:00,12:05:00,155,0.0,No check-in baggage included,3332
Spicejet,2019-04-06,Banglore,Delhi,09:30:00,12:20:00,170,0.0,No check-in baggage included,4319
Jet Airways,2019-05-09,Delhi,Cochin,10:00:00,19:00:00,540,1.0,No Info,15554
Indigo,2019-06-15,Banglore,Delhi,13:00:00,15:50:00,170,0.0,No Info,3943
Jet Airways,2019-05-09,Kolkata,Banglore,06:30:00,19:50:00,800,1.0,In-flight meal not included,10844
Indigo,2019-03-24,Banglore,New Delhi,01:30:00,04:15:00,165,0.0,No Info,4238
Jet Airways,2019-05-09,Kolkata,Banglore,20:25:00,18:00:00,1295,1.0,No Info,11467
Indigo,2019-05-03,Banglore,Delhi,18:55:00,21:50:00,175,0.0,No Info,4823
Vistara,2019-06-27,Banglore,Delhi,09:45:00,12:35:00,170,0.0,No Info,4668
Indigo,2019-06-01,Mumbai,Hyderabad,20:05:00,21:40:00,95,0.0,No Info,2227
Air India,2019-03-15,Banglore,New Delhi,11:50:00,19:50:00,480,1.0,No Info,7192
Jet Airways,2019-04-01,Kolkata,Banglore,20:00:00,22:35:00,1595,1.0,In-flight meal not included,7064
Air India,2019-06-21,Banglore,Delhi,06:10:00,08:55:00,165,0.0,No Info,6961
Indigo,2019-04-15,Delhi,Cochin,08:35:00,16:10:00,455,1.0,No Info,6442
Air India,2019-05-24,Kolkata,Banglore,10:00:00,05:25:00,1165,2.0,No Info,15422
Multiple Carriers,2019-06-09,Delhi,Cochin,08:00:00,21:00:00,780,1.0,No Info,7408
Jet Airways,2019-06-15,Delhi,Cochin,14:35:00,12:35:00,1320,2.0,In-flight meal not included,10919
Indigo,2019-05-15,Kolkata,Banglore,07:10:00,12:40:00,330,1.0,No Info,4864
Jet Airways,2019-03-21,Banglore,New Delhi,14:05:00,07:40:00,1055,1.0,In-flight meal not included,7832
Air India,2019-06-01,Delhi,Cochin,17:40:00,23:00:00,320,1.0,No Info,7384
Indigo,2019-06-12,Banglore,Delhi,07:10:00,10:05:00,175,0.0,No Info,4823
Jet Airways,2019-05-27,Delhi,Cochin,09:00:00,19:00:00,600,1.0,No Info,16079
Air India,2019-05-27,Delhi,Cochin,07:10:00,07:40:00,1470,2.0,No Info,14588
Spicejet,2019-06-21,Kolkata,Banglore,22:20:00,00:40:00,140,0.0,No check-in baggage included,3841
Indigo,2019-06-18,Chennai,Kolkata,14:45:00,17:05:00,140,0.0,No Info,3597
Air India,2019-03-06,Mumbai,Hyderabad,21:10:00,16:55:00,255,2.0,No Info,17327
Multiple Carriers,2019-03-06,Delhi,Cochin,13:55:00,01:35:00,700,1.0,In-flight meal not included,15136
Air India,2019-03-21,Delhi,Cochin,09:45:00,23:00:00,795,1.0,No Info,5704
Multiple Carriers,2019-03-09,Delhi,Cochin,06:00:00,21:00:00,900,1.0,No Info,13677
Jet Airways,2019-05-15,Mumbai,Hyderabad,10:20:00,11:50:00,90,0.0,In-flight meal not included,4995
Jet Airways,2019-05-21,Kolkata,Banglore,06:30:00,20:50:00,860,2.0,In-flight meal not included,10118
Multiple Carriers,2019-05-15,Delhi,Cochin,16:00:00,01:30:00,570,1.0,No Info,13727
Jet Airways,2019-05-06,Kolkata,Banglore,20:00:00,12:00:00,960,1.0,In-flight meal not included,9663
Jet Airways,2019-03-27,Delhi,Cochin,19:15:00,19:45:00,1470,1.0,In-flight meal not included,5963
Air India,2019-06-12,Delhi,Cochin,14:25:00,19:15:00,1730,2.0,No Info,13381
Jet Airways,2019-05-09,Delhi,Cochin,11:40:00,19:00:00,440,2.0,In-flight meal not included,19644
Jet Airways,2019-03-27,Delhi,Cochin,23:05:00,04:25:00,320,1.0,In-flight meal not included,7438
Air India,2019-05-15,Delhi,Cochin,18:45:00,19:15:00,1470,2.0,No Info,13307
Spicejet,2019-04-12,Banglore,Delhi,21:10:00,00:05:00,175,0.0,No Info,5621
Indigo,2019-06-09,Delhi,Cochin,15:10:00,20:00:00,290,1.0,No Info,7060
Indigo,2019-04-09,Kolkata,Banglore,15:15:00,20:05:00,290,1.0,No Info,4268
Air India,2019-03-15,Banglore,New Delhi,05:50:00,22:10:00,980,2.0,No Info,10111
Indigo,2019-06-06,Kolkata,Banglore,21:25:00,00:05:00,160,0.0,No Info,4804
Air India,2019-03-06,Delhi,Cochin,07:05:00,09:25:00,1580,2.0,No Info,9190
Air India,2019-06-09,Mumbai,Hyderabad,21:05:00,22:25:00,80,0.0,No Info,3100
Jet Airways,2019-06-06,Delhi,Cochin,06:45:00,04:25:00,1300,2.0,No Info,13376
Indigo,2019-05-06,Chennai,Kolkata,05:15:00,07:40:00,145,0.0,No Info,3540
Spicejet,2019-04-01,Delhi,Cochin,06:05:00,11:20:00,315,1.0,No Info,5351
Jet Airways,2019-03-09,Delhi,Cochin,08:00:00,19:45:00,705,1.0,No Info,17549
Jet Airways,2019-06-03,Delhi,Cochin,21:25:00,12:35:00,910,2.0,In-flight meal not included,11507
Indigo,2019-04-03,Delhi,Cochin,14:20:00,17:35:00,195,0.0,No Info,4729
Multiple Carriers,2019-05-09,Delhi,Cochin,04:55:00,19:00:00,845,1.0,No Info,9103
Indigo,2019-05-18,Kolkata,Banglore,19:35:00,23:15:00,220,1.0,No Info,4226
Multiple Carriers,2019-06-12,Delhi,Cochin,11:35:00,01:30:00,835,3.0,No Info,15419
Jet Airways,2019-05-21,Delhi,Cochin,16:00:00,19:00:00,1620,1.0,No Info,16079
Jet Airways,2019-05-06,Kolkata,Banglore,09:35:00,22:05:00,750,1.0,In-flight meal not included,10703
Air India,2019-03-27,Delhi,Cochin,08:00:00,19:15:00,675,1.0,No Info,7199
Air India,2019-06-12,Kolkata,Banglore,09:10:00,04:40:00,1170,2.0,No Info,6117
Multiple Carriers,2019-06-06,Delhi,Cochin,09:15:00,19:00:00,585,1.0,No Info,11622
Jet Airways,2019-05-12,Kolkata,Banglore,17:00:00,21:05:00,1685,1.0,No Info,12121
Jet Airways,2019-06-27,Delhi,Cochin,19:15:00,12:35:00,1040,1.0,In-flight meal not included,10262
Jet Airways,2019-05-27,Delhi,Cochin,09:35:00,12:35:00,1620,2.0,In-flight meal not included,12872
Indigo,2019-06-27,Mumbai,Hyderabad,12:00:00,13:30:00,90,0.0,No Info,2754
Indigo,2019-06-15,Delhi,Cochin,14:20:00,22:30:00,490,1.0,No Info,6412
Jet Airways,2019-06-15,Delhi,Cochin,09:40:00,12:35:00,1615,2.0,In-flight meal not included,10368
Jet Airways,2019-04-01,Kolkata,Banglore,08:25:00,23:35:00,910,1.0,In-flight meal not included,7064
Jet Airways,2019-06-03,Delhi,Cochin,18:15:00,12:35:00,1100,1.0,In-flight meal not included,10262
Goair,2019-03-03,Banglore,New Delhi,15:45:00,20:15:00,270,1.0,No Info,8352
Indigo,2019-03-09,Banglore,New Delhi,22:20:00,01:10:00,170,0.0,No Info,4377
Multiple Carriers,2019-05-27,Delhi,Cochin,08:00:00,21:00:00,780,1.0,In-flight meal not included,9450
Jet Airways,2019-06-06,Kolkata,Banglore,09:35:00,19:10:00,575,1.0,In-flight meal not included,13469
Jet Airways,2019-05-18,Kolkata,Banglore,14:05:00,08:15:00,1090,1.0,No Info,14388
Air Asia,2019-04-03,Kolkata,Banglore,19:55:00,22:25:00,150,0.0,No Info,4107
Air India,2019-04-01,Kolkata,Banglore,07:00:00,05:25:00,1345,2.0,No Info,12849
Jet Airways,2019-05-21,Delhi,Cochin,19:45:00,19:00:00,1395,1.0,In-flight meal not included,12898
Multiple Carriers,2019-06-03,Delhi,Cochin,06:00:00,19:15:00,795,1.0,No Info,9736
Indigo,2019-06-24,Kolkata,Banglore,11:30:00,14:05:00,155,0.0,No Info,4804
Vistara,2019-04-01,Kolkata,Banglore,07:10:00,20:20:00,790,1.0,No Info,8452
Indigo,2019-05-18,Kolkata,Banglore,17:15:00,19:50:00,155,0.0,No Info,4804
Jet Airways,2019-05-24,Kolkata,Banglore,17:00:00,14:25:00,1285,1.0,No Info,12121
Spicejet,2019-05-21,Kolkata,Banglore,09:00:00,11:25:00,145,0.0,No Info,4174
Jet Airways,2019-03-27,Delhi,Cochin,02:15:00,18:50:00,995,1.0,No Info,12242
Jet Airways,2019-05-27,Banglore,Delhi,18:55:00,22:00:00,185,0.0,In-flight meal not included,3359
Jet Airways,2019-03-06,Delhi,Cochin,19:10:00,04:25:00,1995,2.0,No Info,16809
Air India,2019-03-03,Delhi,Cochin,21:30:00,19:15:00,1305,2.0,No Info,12287
Jet Airways,2019-06-06,Kolkata,Banglore,06:30:00,12:00:00,330,1.0,In-flight meal not included,10844
Multiple Carriers,2019-06-09,Delhi,Cochin,10:00:00,01:30:00,930,1.0,No Info,7198
Jet Airways,2019-06-01,Delhi,Cochin,09:35:00,04:25:00,1130,2.0,No Info,13292
Indigo,2019-06-03,Delhi,Cochin,23:30:00,04:35:00,305,1.0,No Info,11378
Multiple Carriers,2019-03-06,Delhi,Cochin,07:05:00,21:20:00,855,2.0,No Info,7084
Spicejet,2019-04-12,Kolkata,Banglore,22:20:00,00:40:00,140,0.0,No Info,3873
Spicejet,2019-04-09,Kolkata,Banglore,22:20:00,00:40:00,140,0.0,No check-in baggage included,3841
Air India,2019-04-01,Banglore,Delhi,21:05:00,23:55:00,170,0.0,No Info,4441
Indigo,2019-05-01,Kolkata,Banglore,04:40:00,07:15:00,155,0.0,No Info,4804
Spicejet,2019-06-06,Banglore,Delhi,05:55:00,08:35:00,160,0.0,No Info,3625
Multiple Carriers,2019-03-06,Delhi,Cochin,11:30:00,18:50:00,440,1.0,No Info,15135
Multiple Carriers,2019-06-09,Delhi,Cochin,13:00:00,01:30:00,750,1.0,No Info,7198
Goair,2019-04-09,Banglore,Delhi,20:55:00,23:40:00,165,0.0,No Info,4239
Air Asia,2019-05-18,Banglore,Delhi,23:55:00,02:45:00,170,0.0,No Info,4483
Jet Airways,2019-05-09,Kolkata,Banglore,21:10:00,04:40:00,450,1.0,In-flight meal not included,9663
Vistara,2019-05-06,Chennai,Kolkata,07:05:00,09:20:00,135,0.0,No Info,3687
Jet Airways,2019-06-01,Delhi,Cochin,07:05:00,19:00:00,715,1.0,In-flight meal not included,15190
Jet Airways,2019-04-09,Banglore,Delhi,18:55:00,22:00:00,185,0.0,No Info,7229
Air India,2019-05-24,Kolkata,Banglore,09:10:00,04:40:00,1170,2.0,No Info,6117
Air India,2019-03-12,Mumbai,Hyderabad,01:35:00,14:50:00,795,2.0,No Info,9977
Jet Airways,2019-05-12,Kolkata,Banglore,14:05:00,20:45:00,400,1.0,In-flight meal not included,10844
Jet Airways,2019-05-18,Delhi,Cochin,21:50:00,04:25:00,395,1.0,No Info,15554
Jet Airways,2019-05-15,Kolkata,Banglore,18:55:00,10:05:00,910,1.0,In-flight meal not included,9663
Multiple Carriers,2019-05-21,Delhi,Cochin,10:00:00,19:00:00,540,1.0,No Info,10197
Multiple Carriers,2019-03-21,Delhi,Cochin,18:15:00,01:35:00,440,1.0,No Info,13542
Indigo,2019-05-15,Delhi,Cochin,07:30:00,21:00:00,810,1.0,No Info,7191
Jet Airways,2019-06-15,Delhi,Cochin,08:00:00,19:00:00,660,1.0,In-flight meal not included,10262
Goair,2019-04-24,Delhi,Cochin,07:00:00,12:55:00,355,1.0,No Info,6195
Jet Airways,2019-05-24,Kolkata,Banglore,20:00:00,23:35:00,1655,1.0,In-flight meal not included,10844
Spicejet,2019-05-18,Kolkata,Banglore,11:15:00,18:30:00,435,1.0,No Info,10944
Multiple Carriers,2019-06-03,Delhi,Cochin,11:40:00,19:15:00,455,1.0,No Info,9001
Indigo,2019-03-09,Banglore,New Delhi,22:20:00,01:10:00,170,0.0,No Info,6144
Jet Airways,2019-04-09,Delhi,Cochin,13:25:00,12:35:00,1390,2.0,No Info,9483
Air India,2019-04-01,Mumbai,Hyderabad,21:05:00,22:25:00,80,0.0,No Info,2050
Spicejet,2019-06-21,Chennai,Kolkata,09:45:00,12:00:00,135,0.0,No check-in baggage included,3543
Indigo,2019-03-18,Banglore,New Delhi,16:15:00,20:35:00,260,1.0,No Info,4437
Air India,2019-04-01,Kolkata,Banglore,16:50:00,18:30:00,1540,1.0,No Info,7893
Spicejet,2019-05-06,Kolkata,Banglore,11:15:00,18:30:00,435,1.0,No Info,9736
Multiple Carriers,2019-03-06,Delhi,Cochin,09:00:00,15:30:00,390,1.0,In-flight meal not included,15136
Air India,2019-04-18,Delhi,Cochin,18:05:00,21:10:00,185,0.0,No Info,8246
Indigo,2019-06-01,Chennai,Kolkata,07:55:00,10:15:00,140,0.0,No Info,3850
Multiple Carriers,2019-06-12,Delhi,Cochin,07:00:00,19:00:00,720,1.0,No Info,12192
Air India,2019-06-09,Delhi,Cochin,12:55:00,19:15:00,1820,2.0,No Info,12436
Jet Airways,2019-03-24,Kolkata,Banglore,18:55:00,16:20:00,1285,1.0,No Info,14231
Jet Airways,2019-06-01,Delhi,Cochin,02:15:00,12:35:00,620,1.0,No Info,14714
Air India,2019-06-27,Delhi,Cochin,18:45:00,19:15:00,1470,2.0,No Info,11942
Multiple Carriers,2019-03-21,Delhi,Cochin,08:00:00,19:15:00,675,1.0,No Info,13378
Vistara,2019-04-01,Kolkata,Banglore,20:20:00,10:45:00,865,1.0,No Info,8505
Multiple Carriers,2019-05-27,Delhi,Cochin,07:30:00,19:00:00,690,1.0,No Info,11264
Air India,2019-05-21,Kolkata,Banglore,12:00:00,11:10:00,1390,2.0,No Info,10676
Indigo,2019-05-15,Delhi,Cochin,02:00:00,07:25:00,325,1.0,No Info,8618
Indigo,2019-04-03,Kolkata,Banglore,09:35:00,12:20:00,165,0.0,No Info,4174
Jet Airways,2019-06-24,Delhi,Cochin,15:00:00,12:35:00,1295,1.0,In-flight meal not included,10262
Indigo,2019-03-21,Delhi,Cochin,02:35:00,08:30:00,355,1.0,No Info,8470
Indigo,2019-03-12,Kolkata,Banglore,20:25:00,23:05:00,160,0.0,No Info,4148
Air Asia,2019-06-12,Delhi,Cochin,07:55:00,15:45:00,470,1.0,No Info,6152
Jet Airways,2019-03-15,Banglore,New Delhi,05:45:00,16:10:00,625,1.0,In-flight meal not included,9134
Jet Airways,2019-06-01,Delhi,Cochin,19:15:00,19:00:00,1425,1.0,In-flight meal not included,10262
Air India,2019-04-01,Kolkata,Banglore,20:30:00,08:55:00,745,1.0,No Info,7893
Vistara,2019-03-24,Kolkata,Banglore,07:10:00,18:45:00,695,1.0,No Info,16932
Jet Airways,2019-05-18,Kolkata,Banglore,14:05:00,22:35:00,510,1.0,No Info,14781
Spicejet,2019-05-09,Banglore,Delhi,21:10:00,00:05:00,175,0.0,No Info,4423
Jet Airways,2019-06-09,Kolkata,Banglore,20:00:00,12:00:00,960,1.0,No Info,14571
Indigo,2019-03-21,Delhi,Cochin,04:45:00,13:20:00,515,1.0,No Info,7738
Air India,2019-04-18,Banglore,Delhi,21:05:00,23:55:00,170,0.0,No Info,5228
Indigo,2019-04-01,Kolkata,Banglore,17:15:00,19:50:00,155,0.0,No Info,4174
Indigo,2019-03-27,Delhi,Cochin,08:35:00,21:20:00,765,2.0,No Info,6494
Vistara,2019-03-03,Banglore,New Delhi,16:00:00,18:35:00,155,0.0,No Info,13383
Vistara,2019-06-27,Banglore,Delhi,19:30:00,22:15:00,165,0.0,No Info,5088
Jet Airways,2019-06-24,Delhi,Cochin,18:20:00,04:25:00,605,2.0,No Info,13775
Air India,2019-04-03,Delhi,Cochin,14:10:00,17:10:00,180,0.0,No Info,4729
Spicejet,2019-06-27,Banglore,Delhi,09:30:00,12:20:00,170,0.0,No check-in baggage included,3573
Indigo,2019-06-18,Mumbai,Hyderabad,09:15:00,10:45:00,90,0.0,No Info,4049
Jet Airways,2019-06-09,Delhi,Cochin,05:30:00,12:35:00,425,2.0,No Info,14441
Jet Airways,2019-03-21,Mumbai,Hyderabad,07:10:00,08:35:00,85,0.0,In-flight meal not included,4160
Jet Airways,2019-05-27,Delhi,Cochin,20:55:00,04:25:00,450,1.0,No Info,16079
Jet Airways,2019-06-06,Kolkata,Banglore,20:00:00,12:00:00,960,1.0,No Info,14571
Vistara,2019-04-18,Delhi,Cochin,06:00:00,09:10:00,190,0.0,No Info,6741
Jet Airways,2019-06-27,Delhi,Cochin,11:40:00,19:00:00,440,2.0,No Info,18804
Jet Airways,2019-05-09,Kolkata,Banglore,14:05:00,23:35:00,570,1.0,No Info,14781
Jet Airways,2019-06-24,Delhi,Cochin,09:25:00,04:25:00,1140,2.0,No Info,13882
Air Asia,2019-04-21,Kolkata,Banglore,10:20:00,12:55:00,155,0.0,No Info,4409
Air India,2019-05-09,Delhi,Cochin,05:55:00,19:15:00,800,2.0,No Info,10861
Jet Airways,2019-03-15,Mumbai,Hyderabad,15:50:00,17:20:00,90,0.0,In-flight meal not included,2470
Indigo,2019-04-09,Banglore,Delhi,10:10:00,13:00:00,170,0.0,No Info,4423
Air India,2019-05-09,Kolkata,Banglore,16:50:00,05:35:00,765,2.0,No Info,11432
Jet Airways,2019-05-21,Delhi,Cochin,02:15:00,19:00:00,1005,1.0,In-flight meal not included,12898
Indigo,2019-05-12,Kolkata,Banglore,20:20:00,22:55:00,155,0.0,No Info,4804
Jet Airways,2019-06-03,Delhi,Cochin,16:00:00,12:35:00,1235,1.0,In-flight meal not included,10262
Indigo,2019-03-06,Delhi,Cochin,11:55:00,22:20:00,625,1.0,No Info,6442
Spicejet,2019-04-15,Kolkata,Banglore,22:20:00,00:40:00,140,0.0,No check-in baggage included,3841
Air India,2019-03-27,Delhi,Cochin,05:10:00,08:00:00,170,0.0,No Info,4729
Spicejet,2019-06-06,Kolkata,Banglore,15:05:00,20:20:00,315,1.0,No Info,4649
Jet Airways,2019-05-15,Kolkata,Banglore,20:25:00,19:10:00,1365,1.0,No Info,14151
Spicejet,2019-06-03,Mumbai,Hyderabad,05:45:00,07:15:00,90,0.0,No Info,2753
Jet Airways,2019-06-24,Delhi,Cochin,05:30:00,12:35:00,425,2.0,In-flight meal not included,13344
Spicejet,2019-04-09,Kolkata,Banglore,15:05:00,20:20:00,315,1.0,No Info,4649
Spicejet,2019-05-12,Mumbai,Hyderabad,13:15:00,14:45:00,90,0.0,No check-in baggage included,2175
Multiple Carriers,2019-06-24,Delhi,Cochin,06:00:00,19:00:00,780,1.0,No Info,12524
Air India,2019-03-03,Delhi,Cochin,07:05:00,19:15:00,2170,2.0,No Info,11762
Indigo,2019-04-03,Banglore,Delhi,18:55:00,21:50:00,175,0.0,No Info,4823
Jet Airways,2019-06-09,Delhi,Cochin,08:00:00,19:00:00,660,1.0,In-flight meal not included,10262
Spicejet,2019-03-24,Kolkata,Banglore,11:35:00,18:50:00,435,1.0,No Info,9923
Vistara,2019-05-12,Banglore,Delhi,21:00:00,23:50:00,170,0.0,No Info,4668
Air India,2019-06-03,Delhi,Cochin,05:10:00,08:00:00,170,0.0,No Info,5201
Jet Airways,2019-05-18,Kolkata,Banglore,20:00:00,08:15:00,735,1.0,In-flight meal not included,8586
Jet Airways,2019-03-01,Banglore,New Delhi,11:40:00,00:45:00,785,1.0,No Info,26890
Jet Airways,2019-06-03,Mumbai,Hyderabad,07:05:00,08:30:00,85,0.0,In-flight meal not included,4995
Jet Airways,2019-04-01,Kolkata,Banglore,18:55:00,20:45:00,1550,1.0,In-flight meal not included,7064
Indigo,2019-03-21,Kolkata,Banglore,15:10:00,17:45:00,155,0.0,No Info,4148
Indigo,2019-06-06,Chennai,Kolkata,13:15:00,15:35:00,140,0.0,No Info,3597
Air India,2019-05-21,Delhi,Cochin,10:00:00,19:15:00,555,1.0,No Info,8372
Air India,2019-06-12,Delhi,Cochin,13:00:00,19:15:00,375,1.0,No Info,8372
Vistara,2019-03-03,Banglore,New Delhi,06:40:00,12:35:00,355,1.0,No Info,12476
Jet Airways,2019-05-18,Delhi,Cochin,08:00:00,19:00:00,660,1.0,In-flight meal not included,12373
Jet Airways,2019-04-24,Banglore,Delhi,18:55:00,22:00:00,185,0.0,No Info,7229
Jet Airways,2019-04-09,Banglore,Delhi,11:10:00,14:05:00,175,0.0,No Info,7229
Spicejet,2019-04-15,Banglore,Delhi,09:30:00,12:20:00,170,0.0,No Info,4423
Vistara,2019-03-06,Mumbai,Hyderabad,08:45:00,19:55:00,670,1.0,No Info,12395
Jet Airways,2019-05-12,Kolkata,Banglore,20:25:00,14:25:00,1080,1.0,No Info,13067
Multiple Carriers,2019-03-21,Delhi,Cochin,07:05:00,13:20:00,375,1.0,No Info,14486
Spicejet,2019-06-18,Banglore,Delhi,05:55:00,08:35:00,160,0.0,No check-in baggage included,3573
Air Asia,2019-04-18,Banglore,Delhi,04:55:00,07:45:00,170,0.0,No Info,4282
Jet Airways,2019-05-15,Kolkata,Banglore,08:25:00,23:35:00,910,1.0,No Info,13941
Jet Airways,2019-04-01,Kolkata,Banglore,14:05:00,22:35:00,510,1.0,No Info,13364
Air India,2019-04-01,Kolkata,Banglore,12:00:00,18:30:00,1830,2.0,No Info,9258
Indigo,2019-05-09,Delhi,Cochin,15:00:00,01:30:00,630,1.0,No Info,8330
Multiple Carriers,2019-03-03,Delhi,Cochin,15:05:00,01:35:00,630,2.0,No Info,34503
Spicejet,2019-03-01,Kolkata,Banglore,09:00:00,11:30:00,150,0.0,No Info,5515
Jet Airways,2019-05-15,Kolkata,Banglore,09:35:00,14:25:00,1730,1.0,No Info,11467
Multiple Carriers,2019-03-21,Delhi,Cochin,07:00:00,13:20:00,380,1.0,No Info,9042
Indigo,2019-06-27,Kolkata,Banglore,04:40:00,07:15:00,155,0.0,No Info,4804
Jet Airways,2019-05-01,Kolkata,Banglore,20:00:00,10:05:00,845,1.0,No Info,13941
Jet Airways,2019-06-09,Delhi,Cochin,19:15:00,04:25:00,550,1.0,In-flight meal not included,10577
Jet Airways,2019-06-03,Delhi,Cochin,05:30:00,12:35:00,425,2.0,No Info,14441
Indigo,2019-05-27,Banglore,Delhi,10:10:00,13:00:00,170,0.0,No Info,3943
Air India,2019-05-24,Kolkata,Banglore,09:10:00,13:15:00,245,1.0,No Info,8996
Indigo,2019-03-27,Mumbai,Hyderabad,20:05:00,21:35:00,90,0.0,No Info,2227
Jet Airways,2019-04-01,Banglore,Delhi,18:55:00,22:00:00,185,0.0,In-flight meal not included,4544
Jet Airways,2019-03-21,Banglore,New Delhi,05:45:00,00:45:00,1140,1.0,In-flight meal not included,7832
Air India,2019-06-24,Mumbai,Hyderabad,06:20:00,07:40:00,80,0.0,No Info,3100
Jet Airways,2019-06-09,Delhi,Cochin,07:05:00,19:00:00,715,1.0,No Info,14714
Multiple Carriers,2019-03-09,Delhi,Cochin,08:40:00,19:45:00,665,1.0,No Info,18492
Multiple Carriers,2019-06-15,Delhi,Cochin,07:05:00,22:30:00,925,1.0,No Info,9646
Air India,2019-06-27,Delhi,Cochin,05:10:00,08:00:00,170,0.0,No Info,5201
Jet Airways,2019-06-27,Delhi,Cochin,09:35:00,12:35:00,1620,2.0,No Info,13292
Jet Airways,2019-05-09,Delhi,Cochin,22:50:00,19:00:00,1210,1.0,In-flight meal not included,12373
Multiple Carriers,2019-03-03,Delhi,Cochin,07:00:00,13:20:00,380,1.0,No Info,15603
Goair,2019-05-03,Banglore,Delhi,20:55:00,23:40:00,165,0.0,No Info,4239
Multiple Carriers,2019-06-24,Delhi,Cochin,10:00:00,21:00:00,660,1.0,No Info,13587
Multiple Carriers,2019-05-27,Delhi,Cochin,11:40:00,19:00:00,440,1.0,No Info,9794
Jet Airways,2019-06-09,Delhi,Cochin,21:50:00,04:25:00,395,1.0,In-flight meal not included,10262
Indigo,2019-04-01,Banglore,Delhi,10:10:00,13:00:00,170,0.0,No Info,3943
Goair,2019-06-21,Banglore,Delhi,20:55:00,23:40:00,165,0.0,No Info,3898
Spicejet,2019-03-09,Banglore,New Delhi,05:45:00,08:35:00,170,0.0,No Info,5126
Air India,2019-06-24,Delhi,Cochin,13:15:00,07:40:00,1105,2.0,No Info,12497
Spicejet,2019-03-24,Banglore,New Delhi,09:35:00,12:30:00,175,0.0,No check-in baggage included,3873
Jet Airways,2019-04-15,Banglore,Delhi,19:50:00,22:50:00,180,0.0,No Info,7229
Indigo,2019-06-06,Kolkata,Banglore,19:35:00,23:15:00,220,1.0,No Info,6116
Spicejet,2019-03-09,Banglore,New Delhi,05:45:00,08:35:00,170,0.0,No Info,7110
Air India,2019-06-27,Delhi,Cochin,07:00:00,19:15:00,735,1.0,No Info,8669
Multiple Carriers,2019-03-06,Delhi,Cochin,07:05:00,22:20:00,915,1.0,No Info,6916
Jet Airways,2019-06-06,Kolkata,Banglore,10:20:00,17:35:00,435,1.0,In-flight meal not included,9689
Spicejet,2019-05-01,Kolkata,Banglore,17:10:00,19:40:00,150,0.0,No check-in baggage included,3841
Spicejet,2019-06-12,Kolkata,Banglore,22:20:00,00:40:00,140,0.0,No Info,3873
Jet Airways,2019-06-06,Kolkata,Banglore,06:30:00,23:35:00,1025,1.0,No Info,14571
Jet Airways,2019-05-18,Delhi,Cochin,19:15:00,19:00:00,1425,1.0,In-flight meal not included,12373
Spicejet,2019-06-03,Mumbai,Hyderabad,22:45:00,00:15:00,90,0.0,No Info,2017
Jet Airways,2019-06-09,Delhi,Cochin,16:00:00,19:00:00,1620,1.0,In-flight meal not included,10577
Indigo,2019-04-03,Banglore,Delhi,13:00:00,15:50:00,170,0.0,No Info,4077
Indigo,2019-06-01,Banglore,Delhi,22:10:00,01:00:00,170,0.0,No Info,3419
Jet Airways,2019-03-09,Banglore,New Delhi,08:00:00,21:20:00,800,1.0,In-flight meal not included,11087
Indigo,2019-06-27,Kolkata,Banglore,21:25:00,00:05:00,160,0.0,No Info,4804
Jet Airways,2019-05-01,Kolkata,Banglore,08:25:00,12:00:00,1655,1.0,In-flight meal not included,9663
Jet Airways,2019-05-21,Kolkata,Banglore,09:35:00,23:35:00,840,1.0,No Info,14151
Vistara,2019-04-24,Banglore,Delhi,09:45:00,12:35:00,170,0.0,No Info,5403
Indigo,2019-06-06,Kolkata,Banglore,08:10:00,13:00:00,290,1.0,No Info,5069
Multiple Carriers,2019-06-06,Delhi,Cochin,11:25:00,19:00:00,455,1.0,No Info,10877
Spicejet,2019-03-06,Mumbai,Hyderabad,05:45:00,07:05:00,80,0.0,No Info,4129
Air India,2019-05-21,Kolkata,Banglore,09:25:00,18:30:00,545,1.0,No Info,8366
Jet Airways,2019-03-12,Banglore,New Delhi,18:55:00,20:20:00,1525,1.0,In-flight meal not included,11087
Indigo,2019-05-27,Mumbai,Hyderabad,21:20:00,22:50:00,90,0.0,No Info,2227
Indigo,2019-06-03,Kolkata,Banglore,15:30:00,18:05:00,155,0.0,No Info,4804
Jet Airways,2019-05-24,Kolkata,Banglore,18:55:00,23:35:00,1720,1.0,In-flight meal not included,10844
Air India,2019-04-01,Kolkata,Banglore,17:30:00,08:55:00,925,1.0,No Info,7893
Indigo,2019-03-24,Banglore,New Delhi,22:20:00,01:10:00,170,0.0,No Info,4377
Jet Airways,2019-06-09,Kolkata,Banglore,18:55:00,19:50:00,1495,1.0,In-flight meal not included,10844
Multiple Carriers,2019-06-03,Delhi,Cochin,12:50:00,21:00:00,490,1.0,No Info,7740
Spicejet,2019-05-21,Kolkata,Banglore,17:10:00,19:40:00,150,0.0,No check-in baggage included,3841
Jet Airways,2019-03-09,Mumbai,Hyderabad,19:40:00,21:10:00,90,0.0,In-flight meal not included,4050
Jet Airways,2019-06-06,Delhi,Cochin,20:55:00,04:25:00,450,1.0,In-flight meal not included,10262
Goair,2019-03-06,Delhi,Cochin,06:00:00,13:20:00,440,1.0,No Info,6393
Indigo,2019-04-27,Banglore,Delhi,07:10:00,10:05:00,175,0.0,No Info,4823
Air Asia,2019-05-15,Banglore,Delhi,23:55:00,02:45:00,170,0.0,No Info,3383
Jet Airways,2019-05-09,Kolkata,Banglore,06:30:00,18:15:00,705,1.0,In-flight meal not included,10844
Jet Airways,2019-06-09,Delhi,Cochin,18:15:00,12:35:00,1100,1.0,In-flight meal not included,10577
Indigo,2019-06-03,Banglore,Delhi,04:00:00,06:50:00,170,0.0,No Info,3943
Air India,2019-03-21,Mumbai,Hyderabad,13:55:00,15:25:00,90,0.0,No Info,3100
Indigo,2019-03-09,Banglore,New Delhi,20:00:00,22:55:00,175,0.0,No Info,6144
Indigo,2019-03-24,Banglore,New Delhi,04:00:00,06:50:00,170,0.0,No Info,5694
Air India,2019-05-18,Delhi,Cochin,14:10:00,17:10:00,180,0.0,No Info,6934
Multiple Carriers,2019-05-15,Delhi,Cochin,07:10:00,16:10:00,540,1.0,No Info,6513
Spicejet,2019-06-21,Kolkata,Banglore,09:00:00,11:25:00,145,0.0,No check-in baggage included,3841
Air India,2019-05-27,Delhi,Cochin,13:15:00,09:25:00,1210,2.0,No Info,10467
Jet Airways,2019-05-09,Delhi,Cochin,23:05:00,04:25:00,1760,2.0,No Info,15129
Goair,2019-03-24,Banglore,New Delhi,11:40:00,14:35:00,175,0.0,No Info,4340
Multiple Carriers,2019-06-12,Delhi,Cochin,07:30:00,19:00:00,690,1.0,No Info,10877
Jet Airways,2019-06-06,Kolkata,Banglore,21:10:00,10:05:00,775,1.0,No Info,14571
Jet Airways,2019-06-06,Delhi,Cochin,17:30:00,19:00:00,1530,1.0,No Info,14714
Jet Airways,2019-03-15,Banglore,New Delhi,05:50:00,12:20:00,390,1.0,In-flight meal not included,5853
Indigo,2019-04-06,Banglore,Delhi,18:25:00,21:20:00,175,0.0,No Info,4823
Multiple Carriers,2019-05-15,Delhi,Cochin,06:00:00,19:00:00,780,1.0,No Info,9794
Spicejet,2019-06-18,Mumbai,Hyderabad,22:45:00,00:15:00,90,0.0,No check-in baggage included,1965
Vistara,2019-06-24,Chennai,Kolkata,17:45:00,20:05:00,140,0.0,No Info,11982
Multiple Carriers,2019-06-24,Delhi,Cochin,11:40:00,01:30:00,830,1.0,In-flight meal not included,5797
Air India,2019-06-12,Kolkata,Banglore,20:45:00,23:20:00,155,0.0,No Info,4145
Air India,2019-03-24,Kolkata,Banglore,16:45:00,23:15:00,1830,2.0,No Info,13885
Multiple Carriers,2019-06-15,Delhi,Cochin,13:00:00,01:30:00,750,1.0,No Info,7198
Indigo,2019-06-27,Banglore,Delhi,01:30:00,04:15:00,165,0.0,No Info,3419
Indigo,2019-05-03,Kolkata,Banglore,15:30:00,18:05:00,155,0.0,No Info,4804
Jet Airways,2019-06-06,Delhi,Cochin,21:50:00,04:25:00,395,1.0,In-flight meal not included,10262
Spicejet,2019-04-03,Mumbai,Hyderabad,13:15:00,14:45:00,90,0.0,No Info,2017
Jet Airways,2019-05-21,Delhi,Cochin,19:10:00,19:00:00,1430,2.0,No Info,15129
Air Asia,2019-06-09,Banglore,Delhi,23:55:00,02:45:00,170,0.0,No Info,7120
Goair,2019-04-12,Banglore,Delhi,11:40:00,14:30:00,170,0.0,No Info,4937
Indigo,2019-03-18,Kolkata,Banglore,05:30:00,08:20:00,170,0.0,No Info,4462
Jet Airways,2019-03-21,Banglore,New Delhi,18:40:00,07:40:00,780,1.0,In-flight meal not included,7832
Jet Airways,2019-06-12,Kolkata,Banglore,06:30:00,16:20:00,590,1.0,No Info,13626
Jet Airways,2019-03-18,Banglore,New Delhi,05:45:00,18:25:00,760,1.0,No Info,12284
Air India,2019-06-06,Kolkata,Banglore,05:50:00,23:15:00,1045,2.0,No Info,12723
Air India,2019-06-24,Banglore,Delhi,06:10:00,08:55:00,165,0.0,No Info,6961
Jet Airways,2019-06-03,Delhi,Cochin,20:00:00,04:25:00,505,2.0,In-flight meal not included,15318
Air India,2019-05-09,Kolkata,Banglore,16:50:00,07:55:00,905,1.0,No Info,8366
Jet Airways,2019-05-15,Kolkata,Banglore,20:25:00,14:25:00,1080,1.0,No Info,11467
Indigo,2019-05-15,Delhi,Cochin,18:35:00,01:30:00,415,1.0,No Info,7191
Jet Airways,2019-05-12,Kolkata,Banglore,08:25:00,18:15:00,590,1.0,No Info,14781
Jet Airways,2019-05-09,Delhi,Cochin,13:25:00,12:35:00,1390,2.0,No Info,16704
Indigo,2019-03-15,Chennai,Kolkata,11:35:00,14:00:00,145,0.0,No Info,6297
Indigo,2019-03-03,Banglore,New Delhi,13:00:00,15:50:00,170,0.0,No Info,7648
Jet Airways,2019-03-24,Kolkata,Banglore,19:45:00,12:00:00,975,1.0,In-flight meal not included,11134
Jet Airways,2019-05-21,Kolkata,Banglore,08:25:00,08:15:00,1430,1.0,No Info,13941
Jet Airways,2019-04-01,Banglore,Delhi,19:50:00,22:50:00,180,0.0,In-flight meal not included,4544
Air India,2019-05-24,Delhi,Cochin,22:00:00,19:15:00,1275,2.0,No Info,10441
Multiple Carriers,2019-03-27,Delhi,Cochin,13:00:00,21:00:00,480,1.0,No Info,12537
Vistara,2019-05-18,Banglore,Delhi,07:00:00,09:40:00,160,0.0,No Info,4878
Spicejet,2019-06-24,Chennai,Kolkata,08:20:00,10:35:00,135,0.0,No check-in baggage included,3543
Air Asia,2019-04-09,Banglore,Delhi,23:55:00,02:45:00,170,0.0,No Info,4483
Jet Airways,2019-05-27,Delhi,Cochin,16:00:00,19:00:00,1620,1.0,No Info,16079
Air India,2019-04-18,Banglore,Delhi,17:00:00,19:45:00,165,0.0,No Info,6121
Indigo,2019-03-21,Banglore,New Delhi,04:00:00,06:50:00,170,0.0,No Info,4777
Spicejet,2019-06-01,Banglore,Delhi,05:55:00,08:35:00,160,0.0,No Info,3625
Jet Airways,2019-05-18,Kolkata,Banglore,17:00:00,19:10:00,1570,1.0,No Info,14151
Indigo,2019-03-03,Delhi,Cochin,11:30:00,21:00:00,570,1.0,No Info,14871
Multiple Carriers,2019-06-09,Delhi,Cochin,12:50:00,01:30:00,760,1.0,No Info,6795
Indigo,2019-05-15,Kolkata,Banglore,18:05:00,23:30:00,325,1.0,No Info,6218
Indigo,2019-04-27,Banglore,Delhi,23:30:00,02:20:00,170,0.0,No Info,3943
Spicejet,2019-03-06,Delhi,Cochin,16:35:00,22:50:00,375,1.0,No Info,7185
Jet Airways,2019-03-21,Delhi,Cochin,18:25:00,04:25:00,600,2.0,In-flight meal not included,7791
Indigo,2019-03-03,Delhi,Cochin,06:40:00,12:00:00,320,1.0,No Info,9304
Air Asia,2019-05-01,Kolkata,Banglore,22:40:00,10:40:00,720,1.0,No Info,5192
Indigo,2019-03-15,Banglore,New Delhi,16:50:00,21:35:00,285,1.0,No Info,10406
Vistara,2019-04-18,Banglore,Delhi,09:45:00,12:35:00,170,0.0,No Info,5403
Indigo,2019-05-09,Kolkata,Banglore,09:20:00,14:15:00,295,1.0,No Info,11465
Jet Airways,2019-04-15,Banglore,Delhi,15:15:00,18:10:00,175,0.0,In-flight meal not included,4544
Jet Airways,2019-05-21,Kolkata,Banglore,09:35:00,19:10:00,575,1.0,In-flight meal not included,12384
Spicejet,2019-06-09,Kolkata,Banglore,22:20:00,00:40:00,140,0.0,No check-in baggage included,3841
Jet Airways,2019-06-09,Kolkata,Banglore,06:30:00,04:40:00,1330,1.0,No Info,14178
Jet Airways,2019-04-09,Delhi,Cochin,20:55:00,12:35:00,940,1.0,No Info,11822
Indigo,2019-04-15,Banglore,Delhi,06:05:00,08:50:00,165,0.0,No Info,4423
Air Asia,2019-05-27,Delhi,Cochin,16:45:00,06:35:00,830,1.0,No Info,6752
Air India,2019-03-21,Banglore,New Delhi,11:50:00,23:55:00,725,1.0,No Info,5092
Air India,2019-06-15,Delhi,Cochin,20:15:00,19:15:00,1380,2.0,No Info,13591
Air India,2019-06-12,Delhi,Cochin,20:15:00,19:15:00,1380,2.0,No Info,13381
Multiple Carriers,2019-06-09,Delhi,Cochin,03:50:00,19:00:00,910,1.0,No Info,12192
Indigo,2019-04-03,Kolkata,Banglore,17:15:00,19:50:00,155,0.0,No Info,4174
Air India,2019-03-03,Banglore,New Delhi,00:30:00,23:55:00,1405,1.0,No Info,10394
Air Asia,2019-04-24,Banglore,Delhi,04:55:00,07:45:00,170,0.0,No Info,3383
Jet Airways,2019-05-09,Delhi,Cochin,19:45:00,04:25:00,520,1.0,In-flight meal not included,12373
Indigo,2019-03-03,Banglore,New Delhi,13:00:00,15:50:00,170,0.0,No Info,12649
Vistara,2019-03-24,Chennai,Kolkata,07:05:00,09:20:00,135,0.0,No Info,4842
Jet Airways,2019-06-09,Kolkata,Banglore,08:25:00,16:20:00,475,1.0,In-flight meal not included,10844
Spicejet,2019-05-15,Banglore,Delhi,05:55:00,08:35:00,160,0.0,No Info,3311
Jet Airways,2019-04-21,Banglore,Delhi,15:15:00,18:10:00,175,0.0,In-flight meal not included,4544
Goair,2019-04-18,Banglore,Delhi,20:55:00,23:40:00,165,0.0,No Info,5048
Spicejet,2019-03-15,Banglore,New Delhi,10:20:00,18:15:00,475,1.0,No Info,10341
Vistara,2019-05-24,Kolkata,Banglore,07:10:00,20:20:00,790,1.0,No Info,9555
Jet Airways,2019-05-21,Delhi,Cochin,17:30:00,12:35:00,1145,1.0,In-flight meal not included,12898
Vistara,2019-04-01,Kolkata,Banglore,20:20:00,23:25:00,1625,1.0,No Info,7927
Multiple Carriers,2019-03-03,Delhi,Cochin,08:00:00,15:30:00,450,1.0,No Info,15078
Multiple Carriers,2019-06-15,Delhi,Cochin,10:35:00,19:00:00,505,1.0,No Info,10877
Spicejet,2019-05-15,Mumbai,Hyderabad,22:45:00,00:15:00,90,0.0,No Info,2017
Indigo,2019-03-18,Delhi,Cochin,14:30:00,17:35:00,185,0.0,No Info,5406
Indigo,2019-05-12,Banglore,Delhi,22:10:00,01:00:00,170,0.0,No Info,4284
Indigo,2019-06-03,Chennai,Kolkata,22:05:00,00:25:00,140,0.0,No Info,5277
Spicejet,2019-06-15,Kolkata,Banglore,09:00:00,11:25:00,145,0.0,No Info,3873
Jet Airways,2019-03-09,Delhi,Cochin,21:50:00,18:50:00,1260,1.0,In-flight meal not included,13843
Jet Airways,2019-05-21,Banglore,Delhi,11:10:00,14:05:00,175,0.0,In-flight meal not included,4030
Indigo,2019-06-12,Delhi,Cochin,14:25:00,17:40:00,195,0.0,No Info,5601
Multiple Carriers,2019-06-15,Delhi,Cochin,15:05:00,01:30:00,625,2.0,No Info,15965
Spicejet,2019-05-12,Kolkata,Banglore,11:15:00,18:30:00,435,1.0,No Info,11468
Multiple Carriers,2019-03-27,Delhi,Cochin,08:00:00,21:00:00,780,1.0,No Info,6883
Jet Airways,2019-03-06,Banglore,New Delhi,05:45:00,16:10:00,625,1.0,No Info,16736
Jet Airways,2019-03-24,Kolkata,Banglore,21:10:00,18:10:00,1260,1.0,In-flight meal not included,10031
Jet Airways,2019-05-24,Delhi,Cochin,23:05:00,19:00:00,1195,2.0,No Info,15129
Jet Airways,2019-05-18,Kolkata,Banglore,21:10:00,09:20:00,730,1.0,In-flight meal not included,9663
Indigo,2019-05-24,Kolkata,Banglore,08:10:00,13:00:00,290,1.0,No Info,5069
Air India,2019-06-06,Kolkata,Banglore,14:30:00,12:30:00,1320,2.0,No Info,15894
Jet Airways,2019-06-03,Delhi,Cochin,20:55:00,12:35:00,940,1.0,No Info,14714
Spicejet,2019-04-24,Kolkata,Banglore,06:55:00,09:30:00,155,0.0,No Info,3873
Jet Airways,2019-06-01,Delhi,Cochin,06:45:00,04:25:00,1300,2.0,No Info,13376
Indigo,2019-06-09,Kolkata,Banglore,09:35:00,12:20:00,165,0.0,No Info,4804
Indigo,2019-06-21,Banglore,Delhi,20:00:00,22:50:00,170,0.0,No Info,4823
Spicejet,2019-05-27,Mumbai,Hyderabad,22:45:00,00:15:00,90,0.0,No Info,2017
Indigo,2019-03-27,Chennai,Kolkata,13:20:00,15:35:00,135,0.0,No Info,3384
Air India,2019-03-03,Delhi,Cochin,05:55:00,19:15:00,2240,2.0,No Info,13748
Goair,2019-06-15,Banglore,Delhi,20:55:00,23:40:00,165,0.0,No Info,3898
Spicejet,2019-05-01,Chennai,Kolkata,09:45:00,12:00:00,135,0.0,No Info,3597
Multiple Carriers  ,2019-03-21,Delhi,Cochin,08:55:00,19:15:00,620,1.0,No Info,10161
Air India,2019-03-27,Delhi,Cochin,20:30:00,08:15:00,705,1.0,No Info,5998
Spicejet,2019-04-09,Banglore,Delhi,09:30:00,12:20:00,170,0.0,No check-in baggage included,4319
Indigo,2019-04-18,Banglore,Delhi,13:00:00,15:50:00,170,0.0,No Info,4990
Indigo,2019-06-03,Delhi,Cochin,05:05:00,12:10:00,425,1.0,No Info,6818
